Location,Sample_ID,Sample_Date,USDA_Species_Code,PFT,Cmass_mg_g,Nmass_mg_g,LMA_gDW_m2,LWC,Carea_g_m2,Narea_g_m2,CN_ratio
Seward_Peninsula,BNL2266,20160726,ALVI5,DTSA,477.7,23.7,93.24,NA,44.542,2.21,20.156
Seward_Peninsula,BNL2265,20160726,ALVI5,DTSA,483.3,24.6,100.17,NA,48.411,2.464,19.646
Seward_Peninsula,BNL2264,20160726,ALVI5,DTSA,491.5,24.6,106.9,NA,52.542,2.63,19.98
Seward_Peninsula,BNL2263,20160726,ALVI5,DTSA,486.2,16.5,122.36,NA,59.492,2.019,29.467
Seward_Peninsula,BNL2262,20160726,ALVI5,DTSA,482.5,21.7,112.54,NA,54.301,2.442,22.235
Seward_Peninsula,BNL2261,20160726,ALVI5,DTSA,484.7,25,105.27,NA,51.026,2.632,19.388
Seward_Peninsula,BNL2260,20160726,ALVI5,DTSA,485.1,23.1,99.49,NA,48.264,2.298,21
Seward_Peninsula,BNL2259,20160726,ALVI5,DTSA,489.9,21,96.29,NA,47.175,2.022,23.329
Seward_Peninsula,BNL2258,20160726,ALVI5,DTSA,488.1,25.5,111.44,NA,54.392,2.842,19.141
Seward_Peninsula,BNL2257,20160726,SAPU15,DTSW,501.7,26.1,70.19,NA,35.216,1.832,19.222
Seward_Peninsula,BNL2256,20160726,ALVI5,DTSA,482.5,20.9,101.05,NA,48.757,2.112,23.086
Seward_Peninsula,BNL2255,20160726,SAPU15,DTSW,507.3,21.3,124.18,NA,62.995,2.645,23.817
Seward_Peninsula,BNL2254,20160726,SAPU15,DTSW,498.5,17.6,116.47,NA,58.058,2.05,28.324
Seward_Peninsula,BNL2253,20160726,SAPU15,DTSW,501.4,20.7,98.41,NA,49.342,2.037,24.222
Seward_Peninsula,BNL2252,20160726,SAPU15,DTSW,499.8,16.9,123.1,NA,61.526,2.08,29.574
Seward_Peninsula,BNL2251,20160726,ALVI5,DTSA,484.2,23.8,100.09,NA,48.465,2.382,20.345
Seward_Peninsula,BNL2250,20160726,ALVI5,DTSA,480.5,22.7,108.93,NA,52.342,2.473,21.167
Seward_Peninsula,BNL2249,20160726,SAPU15,DTSW,506.2,20.9,87.31,NA,44.197,1.825,24.22
Seward_Peninsula,BNL2248,20160726,SAPU15,DTSW,503.4,17.1,95.48,NA,48.062,1.633,29.439
Seward_Peninsula,BNL2247,20160726,SAPU15,DTSW,485.7,13.9,87.9,NA,42.695,1.222,34.942
Seward_Peninsula,BNL2246,20160726,ALVI5,DTSA,510.3,20.2,101.93,NA,52.017,2.059,25.262
Seward_Peninsula,BNL2245,20160726,SAPU15,DTSW,506.6,18.6,118.21,NA,59.884,2.199,27.237
Seward_Peninsula,BNL2244,20160726,SAPU15,DTSW,494.6,19.8,78.51,NA,38.831,1.554,24.98
Seward_Peninsula,BNL2243,20160726,ALVI5,DTSA,483.9,23.2,96.83,NA,46.855,2.246,20.858
Seward_Peninsula,BNL2242,20160726,SAPU15,DTSW,508.5,21.7,103.78,NA,52.771,2.252,23.433
Seward_Peninsula,BNL2241,20160726,ALVI5,DTSA,498,24.3,100.09,NA,49.846,2.432,20.494
Seward_Peninsula,BNL2240,20160726,SAPU15,DTSW,489.5,22.3,94.87,NA,46.439,2.116,21.951
Seward_Peninsula,BNL2239,20160726,ALVI5,DTSA,492.6,27.7,97.59,NA,48.072,2.703,17.783
Seward_Peninsula,BNL2238,20160726,SAPU15,DTSW,499.2,15.5,96.11,NA,47.979,1.49,32.206
Seward_Peninsula,BNL2237,20160726,ALVI5,DTSA,488.4,21.2,109.2,NA,53.334,2.315,23.038
Seward_Peninsula,BNL2236,20160726,SAPU15,DTSW,500.6,19.2,98.02,NA,49.07,1.882,26.073
Seward_Peninsula,BNL2235,20160726,ALVI5,DTSA,477.9,28.6,71,NA,33.931,2.031,16.71
Seward_Peninsula,BNL2234,20160726,SAPU15,DTSW,494.9,18.6,71.73,NA,35.497,1.334,26.608
Seward_Peninsula,BNL2233,20160726,ALVI5,DTSA,483,23.5,106.28,NA,51.333,2.498,20.553
Seward_Peninsula,BNL2232,20160726,ALVI5,DTSA,479.7,21,104.29,NA,50.029,2.19,22.843
Seward_Peninsula,BNL2231,20160726,ALVI5,DTSA,486.8,21.7,110.63,NA,53.853,2.401,22.433
Seward_Peninsula,BNL2230,20160726,ALVI5,DTSA,492.1,23.7,106.06,NA,52.192,2.514,20.764
Seward_Peninsula,BNL2229,20160726,ALVI5,DTSA,461.2,24.6,85.14,NA,39.267,2.094,18.748
Seward_Peninsula,BNL2228,20160726,ALVI5,DTSA,483.9,20.4,108.42,NA,52.462,2.212,23.721
Seward_Peninsula,BNL2224,20160726,ALVI5,DTSA,488.6,22,114.46,NA,55.923,2.518,22.209
Seward_Peninsula,BNL2222,20160726,SAPU15,DTSW,492.5,15.9,85.53,NA,42.121,1.36,30.975
Seward_Peninsula,BNL2221,20160726,SAPU15,DTSW,487.2,17,88.68,NA,43.205,1.508,28.659
Seward_Peninsula,BNL2220,20160726,ALVI5,DTSA,495.1,27.6,99.49,NA,49.259,2.746,17.938
Seward_Peninsula,BNL2219,20160726,ALVI5,DTSA,488.2,25.1,105.54,NA,51.526,2.649,19.45
Seward_Peninsula,BNL2218,20160726,ALVI5,DTSA,491.3,23.8,99.65,NA,48.959,2.372,20.643
Seward_Peninsula,BNL2217,20160726,ALVI5,DTSA,479.8,28.5,94.78,NA,45.475,2.701,16.835
Seward_Peninsula,BNL2216,20160726,ALVI5,DTSA,491.5,23.1,100.17,NA,49.232,2.314,21.277
Seward_Peninsula,BNL2215,20160726,ALVI5,DTSA,490.9,26.6,92.09,NA,45.205,2.449,18.455
Seward_Peninsula,BNL2201,20160726,SARI4,DTSW,456.4,24.3,69.06,NA,31.517,1.678,18.782
Seward_Peninsula,BNL2202,20160726,SAPU15,DTSW,502.4,18.9,72.32,NA,36.335,1.367,26.582
Seward_Peninsula,BNL2203,20160726,SAPU15,DTSW,495.3,19.4,80.55,NA,39.897,1.563,25.531
Seward_Peninsula,BNL2204,20160726,ALVI5,DTSA,476.9,22.6,111.48,NA,53.165,2.519,21.102
Seward_Peninsula,BNL2205,20160726,SARI4,DTSW,467,22.6,99.41,NA,46.422,2.247,20.664
Seward_Peninsula,BNL2206,20160726,SARI4,DTSW,446,18.2,85.34,NA,38.061,1.553,24.505
Seward_Peninsula,BNL2207,20160726,SARI4,DTSW,453.2,19.3,120,NA,54.386,2.316,23.482
Seward_Peninsula,BNL2208,20160726,SARI4,DTSW,458.9,15.8,99.09,NA,45.471,1.566,29.044
Seward_Peninsula,BNL2209,20160726,SARI4,DTSW,459.6,24.8,121.72,NA,55.94,3.019,18.532
Seward_Peninsula,BNL2210,20160726,SARI4,DTSW,458,24.3,127.37,NA,58.335,3.095,18.848
Seward_Peninsula,BNL2211,20160726,SARI4,DTSW,453.8,24.5,117.59,NA,53.363,2.881,18.522
Seward_Peninsula,BNL2212,20160726,SAPU15,DTSW,500.2,22.6,104.93,NA,52.484,2.371,22.133
Seward_Peninsula,BNL2213,20160726,SAPU15,DTSW,500,24.6,111.65,NA,55.827,2.747,20.325
Seward_Peninsula,BNL2214,20160726,SAPU15,DTSW,503.8,23.2,98.36,NA,49.554,2.282,21.716
Seward_Peninsula,BNL2181,20160726,ALVI5,DTSA,477.7,24.7,100.63,NA,48.069,2.485,19.34
Seward_Peninsula,BNL2223,20160726,ALVI5,DTSA,479.5,24.3,89.05,NA,42.697,2.164,19.733
Seward_Peninsula,BNL2225,20160726,SAPU15,DTSW,497.1,17.2,99.15,NA,49.285,1.705,28.901
Seward_Peninsula,BNL2226,20160726,SAPU15,DTSW,496.8,21.2,106.08,NA,52.701,2.249,23.434
Seward_Peninsula,BNL2227,20160726,ALVI5,DTSA,477.3,21.6,100.02,NA,47.739,2.16,22.097
Seward_Peninsula,BNL2194,20160726,SAPU15,DTSW,507.7,23.4,86.39,NA,43.861,2.022,21.697
Seward_Peninsula,BNL2195,20160726,SAPU15,DTSW,505,16,95.67,NA,48.314,1.531,31.563
Seward_Peninsula,BNL2196,20160726,ALVI5,DTSA,483.6,17.3,102.33,NA,49.486,1.77,27.954
Seward_Peninsula,BNL2197,20160726,SAPU15,DTSW,490.3,19.5,91.02,NA,44.628,1.775,25.144
Seward_Peninsula,BNL2198,20160726,SAPU15,DTSW,473.1,27.1,109.53,NA,51.82,2.968,17.458
Seward_Peninsula,BNL2199,20160726,SARI4,DTSW,447.6,21.1,106.41,NA,47.63,2.245,21.213
Seward_Peninsula,BNL2200,20160726,SAPU15,DTSW,494.4,21.7,101.26,NA,50.065,2.197,22.783
Seward_Peninsula,BNL2267,20160726,SAPU15,DTSW,493,14.6,88.79,NA,43.773,1.296,33.767
Seward_Peninsula,BNL2268,20160726,SARI4,DTSW,451.8,21,102.78,NA,46.434,2.158,21.514
Seward_Peninsula,BNLNA,20160726,ALVI5,DTSA,NA,NA,NA,NA,NA,NA,NA
Seward_Peninsula,BNL2269,20160726,ALVI5,DTSA,488.2,24.5,99.52,NA,48.588,2.438,19.927
Seward_Peninsula,BNL2270,20160726,BEGL,DLS,501.8,19.6,122.09,NA,61.263,2.393,25.602
Seward_Peninsula,BNL2271,20160726,BEGL,DLS,498.3,26.9,82.88,NA,41.301,2.23,18.524
Seward_Peninsula,BNLNA,20160726,BEGL,DLS,NA,NA,NA,NA,NA,NA,NA
Seward_Peninsula,BNL2272,20160726,BEGL,DLS,471.5,26.2,68.47,NA,32.282,1.794,17.996
Seward_Peninsula,BNL2273,20160726,ALVI5,DTSA,491,21.2,97.48,NA,47.864,2.067,23.16
Seward_Peninsula,BNL2274,20160726,BEGL,DLS,456.8,31,63.05,NA,28.8,1.954,14.735
Seward_Peninsula,BNL2275,20160726,BEGL,DLS,483.1,30.9,93.1,NA,44.975,2.877,15.634
Seward_Peninsula,BNL2276,20160726,ALVI5,DTSA,487.6,19.1,86.03,NA,41.946,1.643,25.529
Seward_Peninsula,BNL2277,20160726,ALVI5,DTSA,488.1,17.3,96.63,NA,47.166,1.672,28.214
Seward_Peninsula,BNLNA,20160726,ALVI5,DTSA,NA,NA,NA,NA,NA,NA,NA
Seward_Peninsula,BNL2278,20160726,ALVI5,DTSA,481.9,19,90.08,NA,43.412,1.712,25.363
Seward_Peninsula,BNL2279,20160726,ALVI5,DTSA,483.8,21,103.33,NA,49.993,2.17,23.038
Seward_Peninsula,BNL2280,20160726,ALVI5,DTSA,483.1,19.4,104.36,NA,50.415,2.025,24.902
Seward_Peninsula,BNL2281,20160726,ALVI5,DTSA,484.8,17.7,100.17,NA,48.561,1.773,27.39
Seward_Peninsula,BNL2282,20160726,ALVI5,DTSA,486.1,20.9,112.02,NA,54.455,2.341,23.258
Seward_Peninsula,BNL2283,20160726,ALVI5,DTSA,491.8,23.6,99.99,NA,49.175,2.36,20.839
Seward_Peninsula,BNL2284,20160726,ALVI5,DTSA,495.6,21.2,87.92,NA,43.575,1.864,23.377
Seward_Peninsula,BNL2285,20160726,ALVI5,DTSA,483.4,22.9,95.97,NA,46.391,2.198,21.109
Seward_Peninsula,BNL2286,20160726,ALVI5,DTSA,489.1,26.3,86.94,NA,42.523,2.287,18.597
Seward_Peninsula,BNL2287,20160726,ALVI5,DTSA,492.6,24.7,96.04,NA,47.31,2.372,19.943
Seward_Peninsula,BNL2288,20160726,ALVI5,DTSA,495.2,21.3,105.52,NA,52.255,2.248,23.249
Seward_Peninsula,BNL2289,20160726,ALVI5,DTSA,491.3,21.8,77.84,NA,38.244,1.697,22.537
Seward_Peninsula,BNL2290,20160726,ALVI5,DTSA,477.9,21.6,96.36,NA,46.052,2.081,22.125
Seward_Peninsula,BNL2291,20160726,ALVI5,DTSA,481.4,23.2,97.75,NA,47.057,2.268,20.75
Seward_Peninsula,BNL2292,20160726,ALVI5,DTSA,483.7,24.8,87.79,NA,42.466,2.177,19.504
Seward_Peninsula,BNL2293,20160726,ALVI5,DTSA,489,28.8,76.89,NA,37.601,2.215,16.979
Seward_Peninsula,BNLNA,20160726,ALVI5,DTSA,NA,NA,NA,NA,NA,NA,NA
Seward_Peninsula,BNL2294,20160726,ALVI5,DTSA,490.8,30.6,72.57,NA,35.618,2.221,16.039
Seward_Peninsula,BNL2295,20160726,ALVI5,DTSA,493,26.1,73.65,NA,36.311,1.922,18.889
Seward_Peninsula,BNL2296,20160726,ALVI5,DTSA,496.2,25.6,89.27,NA,44.294,2.285,19.383
Seward_Peninsula,BNLNA,20160726,,NA,NA,NA,NA,NA,NA,NA,NA
Seward_Peninsula,BNLNA,20160726,,NA,NA,NA,NA,NA,NA,NA,NA
Seward_Peninsula,BNLNA,20160726,,NA,NA,NA,NA,NA,NA,NA,NA
Seward_Peninsula,BNLNA,20160726,,NA,NA,NA,NA,NA,NA,NA,NA
Seward_Peninsula,BNLNA,20160726,,NA,NA,NA,NA,NA,NA,NA,NA
Seward_Peninsula,BNLNA,20160726,,NA,NA,NA,NA,NA,NA,NA,NA
Seward_Peninsula,BNLNA,20160726,,NA,NA,NA,NA,NA,NA,NA,NA
Seward_Peninsula,BNLNA,20160726,,NA,NA,NA,NA,NA,NA,NA,NA
Seward_Peninsula,BNL2297,20160726,SAGL,DTSW,473,18,113.23,NA,53.558,2.038,26.278
Seward_Peninsula,BNLNA,20160726,,NA,NA,NA,NA,NA,NA,NA,NA
Seward_Peninsula,BNLNA,20160726,,NA,NA,NA,NA,NA,NA,NA,NA
Seward_Peninsula,BNLNA,20160726,,NA,NA,NA,NA,NA,NA,NA,NA
Seward_Peninsula,BNL2298,20160726,SAGL,DTSW,481.5,25,116.26,NA,55.979,2.907,19.26
Seward_Peninsula,BNL2299,20160726,SAGL,DTSW,487.8,20.5,97.27,NA,47.45,1.994,23.795
Seward_Peninsula,BNL2300,20160726,SAGL,DTSW,493.9,24.5,100.16,NA,49.468,2.454,20.159
Seward_Peninsula,BNL2301,20160726,SAGL,DTSW,487.5,23.2,97.22,NA,47.392,2.255,21.013
Seward_Peninsula,BNL2302,20160726,SAGL,DTSW,479.5,15.5,97.66,NA,46.826,1.514,30.935
Seward_Peninsula,BNL2303,20160726,SAGL,DTSW,487.8,18.6,93.75,NA,45.729,1.744,26.226
Seward_Peninsula,BNL2304,20160726,SAGL,DTSW,475.4,17,87.07,NA,41.393,1.48,27.965
Seward_Peninsula,BNL2305,20160726,SAGL,DTSW,486.6,19.2,106.34,NA,51.747,2.042,25.344
Seward_Peninsula,BNL2306,20160726,SAGL,DTSW,473.8,26.5,104.1,NA,49.323,2.759,17.879
Seward_Peninsula,BNL2307,20160726,SAGL,DTSW,474.5,17,88.33,NA,41.911,1.502,27.912
Seward_Peninsula,BNL2308,20160726,SAGL,DTSW,486.8,21.4,91.13,NA,44.363,1.95,22.748
Seward_Peninsula,BNL2309,20160726,SAGL,DTSW,483.6,23.8,91.4,NA,44.2,2.175,20.319
Seward_Peninsula,BNL2310,20160726,BEGL,DLS,478.6,19.9,123,NA,58.867,2.448,24.05
Seward_Peninsula,BNL2311,20160726,BEGL,DLS,484.7,16,135.08,NA,65.472,2.161,30.294
Seward_Peninsula,BNL2312,20160726,BEGL,DLS,484.6,16.8,124.18,NA,60.176,2.086,28.845
Seward_Peninsula,BNL2313,20160726,BEGL,DLS,484.3,25.3,117.99,NA,57.143,2.985,19.142
Seward_Peninsula,BNL2314,20160726,ALVI5,DTSA,494.9,20.2,101.01,NA,49.989,2.04,24.5
Seward_Peninsula,BNL2315,20160726,SAGL,DTSW,491.6,24.2,109.03,NA,53.597,2.638,20.314
Seward_Peninsula,BNL2316,20160726,SAGL,DTSW,486,30.2,100.12,NA,48.658,3.024,16.093
Seward_Peninsula,BNL2317,20160726,BEGL,DLS,490.7,23.7,108.12,NA,53.055,2.562,20.705
Seward_Peninsula,BNL2318,20160726,SAGL,DTSW,469.7,21,96.57,NA,45.359,2.028,22.367
Seward_Peninsula,BNL2319,20160726,SAPU15,DTSW,491.9,18.4,112.86,NA,55.514,2.077,26.734
Seward_Peninsula,BNL2320,20160726,SAPU15,DTSW,490.4,15.4,104.46,NA,51.228,1.609,31.844
Seward_Peninsula,BNL2321,20160726,SAPU15,DTSW,511.9,18.4,109.74,NA,56.175,2.019,27.821
Seward_Peninsula,BNL2322,20160726,SAGL,DTSW,463.2,18,83.04,NA,38.464,1.495,25.733
Seward_Peninsula,BNL2323,20160726,SAPU15,DTSW,494.1,18.5,87.85,NA,43.407,1.625,26.708
Seward_Peninsula,BNL2324,20160726,ALVI5,DTSA,488.5,27.9,109.11,NA,53.301,3.044,17.509
Seward_Peninsula,BNL2325,20160726,SAPU15,DTSW,493.4,18.9,100.82,NA,49.746,1.906,26.106
Seward_Peninsula,BNL2326,20160726,SAPU15,DTSW,495.6,16.7,92.58,NA,45.882,1.546,29.677
Seward_Peninsula,BNL2327,20160726,SAPU15,DTSW,493.7,19.1,96.39,NA,47.588,1.841,25.848
Seward_Peninsula,BNL2328,20160726,SAPU15,DTSW,508.4,16,93.88,NA,47.731,1.502,31.775
Seward_Peninsula,BNL2329,20160726,SAGL,DTSW,478.5,19.3,110.4,NA,52.825,2.131,24.793
Seward_Peninsula,BNL2330,20160726,SAPU15,DTSW,468.9,16.3,90.77,NA,42.56,1.479,28.767
Seward_Peninsula,BNL2331,20160726,ALVI5,DTSA,492.5,18.7,109.59,NA,53.975,2.049,26.337
Seward_Peninsula,BNL2332,20160726,ALVI5,DTSA,486.3,22,99.58,NA,48.425,2.191,22.105
Seward_Peninsula,BNL2333,20160726,SAGL,DTSW,490.3,15.4,97.44,NA,47.777,1.501,31.838
Seward_Peninsula,BNL2334,20160726,BEGL,DLS,424.3,15.4,98.1,NA,41.626,1.511,27.552
Seward_Peninsula,BNL2335,20160726,BEGL,DLS,496.5,21.8,117.11,NA,58.144,2.553,22.775
Seward_Peninsula,BNL2336,20160726,BEGL,DLS,488.8,23,97.96,NA,47.882,2.253,21.252
Seward_Peninsula,BNL2337,20160726,BEGL,DLS,490.4,24.2,99.58,NA,48.833,2.41,20.264
Seward_Peninsula,BNL2338,20160726,BEGL,DLS,495.9,14.4,111.95,NA,55.517,1.612,34.438
Seward_Peninsula,BNL2339,20160726,ALVI5,DTSA,486.4,28,101.35,NA,49.294,2.838,17.371
Seward_Peninsula,BNL2340,20160726,ALVI5,DTSA,484.6,36.1,76.6,NA,37.12,2.765,13.424
Seward_Peninsula,BNL2341,20160726,ALVI5,DTSA,475,18.4,106.71,NA,50.689,1.964,25.815
Seward_Peninsula,BNL2343,20160728,SAPU15,DTSW,501.8,18.9,92.9,NA,46.617,1.756,26.55
Seward_Peninsula,BNL2344,20160728,SAPU15,DTSW,503.7,22.3,84.55,NA,42.589,1.886,22.587
Seward_Peninsula,BNL2345,20160728,SAPU15,DTSW,505.2,17,90.74,NA,45.842,1.543,29.718
Seward_Peninsula,BNL2346,20160728,SAPU15,DTSW,507.5,18.4,89.76,NA,45.552,1.652,27.582
Seward_Peninsula,BNL2347,20160728,SAPU15,DTSW,496.7,20.5,96.04,NA,47.704,1.969,24.229
Seward_Peninsula,BNL2348,20160728,SAALA,NA,476.1,19.9,106.31,NA,50.615,2.116,23.925
Seward_Peninsula,BNL2349,20160728,SAALA,NA,483.4,25.2,108.16,NA,52.286,2.726,19.183
Seward_Peninsula,BNL2350,20160728,SAALA,NA,465.2,22,105.18,NA,48.928,2.314,21.145
Seward_Peninsula,BNL2351,20160728,VAUL,DLS,503.9,16.3,86.72,NA,43.696,1.413,30.914
Seward_Peninsula,BNL2352,20160728,VAUL,DLS,498.3,15.7,93.49,NA,46.585,1.468,31.739
Seward_Peninsula,BNL2353,20160728,VAUL,DLS,503,15,86.05,NA,43.284,1.291,33.533
Seward_Peninsula,BNL2354,20160728,VAUL,DLS,508.6,18.6,89.4,NA,45.467,1.663,27.344
Seward_Peninsula,BNL2355,20160728,PEFR5,FO,430,20.1,78.07,NA,33.571,1.569,21.393
Seward_Peninsula,BNL2356,20160728,ARRU,NA,475.6,14.5,86.76,NA,41.264,1.258,32.8
Seward_Peninsula,BNL2357,20160728,ARRU,NA,544.3,20.1,85.24,NA,46.396,1.713,27.08
Seward_Peninsula,BNL2358,20160728,CHLA13,NA,424.2,22.7,60.35,NA,25.602,1.37,18.687
Seward_Peninsula,BNL2359,20160728,CHLA13,NA,431.1,23.3,57.74,NA,24.893,1.345,18.502
Seward_Peninsula,BNL2360,20160728,PEFR5,FO,423.3,14.4,55.89,NA,23.659,0.805,29.396
Seward_Peninsula,BNL13001,20170728,SAPU15,DTSW,511.3,17.2,99.45,NA,50.85,1.71,29.73
Seward_Peninsula,BNL13002,20170728,SAPU15,DTSW,494.5,16.9,107.16,NA,52.99,1.81,29.26
Seward_Peninsula,BNL13003,20170728,SAPU15,DTSW,306.6,9.4,85.83,NA,26.32,0.81,32.62
Seward_Peninsula,BNL13004,20170728,SAPU15,DTSW,518.1,18.1,98.32,NA,50.94,1.78,28.62
Seward_Peninsula,BNL13005,20170728,SAPU15,DTSW,504.1,23.3,85.71,NA,43.21,2,21.64
Seward_Peninsula,BNL13006,20170728,SAPU15,DTSW,495.7,15.1,87.01,NA,43.13,1.31,32.83
Seward_Peninsula,BNL13007,20170728,SAPU15,DTSW,487.4,17.1,97.6,NA,47.57,1.67,28.5
Seward_Peninsula,BNL13008,20170728,SAPU15,DTSW,507.3,16.3,106.93,NA,54.24,1.74,31.12
Seward_Peninsula,BNL13009,20170728,SAPU15,DTSW,515.8,16.8,100.67,NA,51.92,1.69,30.7
Seward_Peninsula,BNL13010,20170728,SAPU15,DTSW,507.4,13.3,103.55,NA,52.54,1.38,38.15
Seward_Peninsula,BNL13011,20170728,SAPU15,DTSW,511.6,23,93.91,NA,48.05,2.16,22.24
Seward_Peninsula,BNL13012,20170728,SAPU15,DTSW,515.5,21.4,100.23,NA,51.67,2.15,24.09
Seward_Peninsula,BNL13013,20170728,SAPU15,DTSW,487,19,85.59,NA,41.68,1.63,25.63
Seward_Peninsula,BNL13014,20170728,SAPU15,DTSW,493.6,19.9,78.05,NA,38.52,1.55,24.8
Seward_Peninsula,BNL13015,20170728,SAPU15,DTSW,491,18.1,71.73,NA,35.22,1.3,27.13
Seward_Peninsula,BNL13016,20170728,SAPU15,DTSW,474,19.5,100.36,NA,47.57,1.96,24.31
Seward_Peninsula,BNL13018,20170728,SAPU15,DTSW,508.1,16,76.1,NA,38.67,1.22,31.76
Seward_Peninsula,BNL13019,20170728,SAPU15,DTSW,506.8,23.4,86.91,NA,44.05,2.03,21.66
Seward_Peninsula,BNL13020,20170728,SAPU15,DTSW,514.4,21.7,NA,NA,NA,NA,23.71
Seward_Peninsula,BNL13301,20170729,SAPU15,DTSW,509,17.7,70.85,NA,36.06,1.25,28.76
Seward_Peninsula,BNL13302,20170729,SAPU15,DTSW,512.3,13.5,115.88,NA,59.37,1.56,37.95
Seward_Peninsula,BNL13303,20170729,SAPU15,DTSW,508.2,19.4,NA,NA,NA,NA,26.2
Seward_Peninsula,BNL13304,20170729,SAPU15,DTSW,505.3,19.4,92.85,NA,46.92,1.8,26.05
Seward_Peninsula,BNL13305,20170729,SAPU15,DTSW,505.7,16.9,92.93,NA,46.99,1.57,29.92
Seward_Peninsula,BNL13306,20170729,SAPU15,DTSW,503.8,18.7,93.27,NA,46.99,1.74,26.94
Seward_Peninsula,BNL13307,20170729,SAPU15,DTSW,513.3,19.2,111.69,NA,57.33,2.14,26.73
Seward_Peninsula,BNL13308,20170729,SAPU15,DTSW,509.7,21.5,103.05,NA,52.52,2.22,23.71
Seward_Peninsula,BNL13309,20170729,SAPU15,DTSW,520.7,16.9,102.6,NA,53.42,1.73,30.81
Seward_Peninsula,BNL13310,20170729,SAPU15,DTSW,511.7,18.5,102.65,NA,52.52,1.9,27.66
Seward_Peninsula,BNL13311,20170729,SAPU15,DTSW,508.4,19.7,106.62,NA,54.21,2.1,25.81
Seward_Peninsula,BNL13312,20170729,SAPU15,DTSW,509.4,21.2,93.28,NA,47.52,1.98,24.03
Seward_Peninsula,BNL13200,20170730,CAAQ,WG,457.6,13.9,63.04,NA,28.85,0.88,32.92
Seward_Peninsula,BNL13148,20170730,CAAQ,WG,451.3,15.9,71.9,NA,32.45,1.14,28.38
Seward_Peninsula,BNL13146,20170730,CAAQ,WG,469.3,14.2,67.09,NA,31.49,0.95,33.05
Seward_Peninsula,BNL13153,20170730,CAAQ,WG,456,13.1,67.83,NA,30.93,0.89,34.81
Seward_Peninsula,BNL13194,20170730,CAAQ,WG,468,17.3,54.12,NA,25.33,0.94,27.05
Seward_Peninsula,BNL13343,20170730,ARLA2,DG,439.1,15.5,40.96,NA,17.99,0.63,28.33
Seward_Peninsula,BNL13082,20170730,CAAQ,WG,465.6,18.5,75.53,NA,35.17,1.4,25.17
Seward_Peninsula,BNL13088,20170730,CAAQ,WG,462.6,15.4,74.46,NA,34.45,1.15,30.04
Seward_Peninsula,BNL13086,20170730,CAAQ,WG,456.8,18.8,60.52,NA,27.65,1.14,24.3
Seward_Peninsula,BNL13188,20170730,ARLA2,DG,441.4,16.4,56.79,NA,25.07,0.93,26.91
Seward_Peninsula,BNL13198,20170730,SARI4,DTSW,469.3,27.5,86.09,NA,40.4,2.37,17.07
Seward_Peninsula,BNL13199,20170730,SAPU15,DTSW,333.1,18.3,85.06,NA,28.34,1.56,18.2
Seward_Peninsula,BNL13154,20170730,SAAL,DTSW,463.6,21.6,94.58,NA,43.85,2.04,21.46
Seward_Peninsula,BNL13085,20170730,SAPU15,DTSW,508.9,24.1,93.15,NA,47.4,2.24,21.12
Seward_Peninsula,BNL13183,20170730,SAPU15,DTSW,496.3,24.5,108.77,NA,53.98,2.66,20.26
Seward_Peninsula,BNL13187,20170730,BENA,DLS,485.9,16.3,105.26,NA,51.15,1.72,29.81
Seward_Peninsula,BNL13185,20170730,VAUL,DLS,523.3,14.6,108.28,NA,56.66,1.58,35.84
Seward_Peninsula,BNL13196,20170730,SAPU15,DTSW,516.9,29.9,80.56,NA,41.64,2.41,17.29
Seward_Peninsula,BNL13189,20170730,SAPU15,DTSW,506.2,21.1,127.22,NA,64.4,2.68,23.99
Seward_Peninsula,BNL13084,20170730,SARE2,DDS,466.5,17.8,115.28,NA,53.78,2.05,26.21
Seward_Peninsula,BNL13079,20170730,BENA,DLS,483.2,23.5,169.83,NA,82.06,3.99,20.56
Seward_Peninsula,BNL13193,20170730,PEFR5,FO,415.2,22.3,33.82,NA,14.04,0.75,18.62
Seward_Peninsula,BNL13078,20170730,RUCH,FO,460.4,26.5,68.09,NA,31.35,1.8,17.37
Seward_Peninsula,BNL13191,20170730,SAPU15,DTSW,502.2,19.9,103.39,NA,51.92,2.06,25.24
Seward_Peninsula,BNL13076,20170730,SAPU15,DTSW,517.5,21.9,111.12,NA,57.51,2.43,23.63
Seward_Peninsula,BNL13150,20170730,SAAL,DTSW,478.1,20.6,98.06,NA,46.88,2.02,23.21
Seward_Peninsula,BNL13087,20170730,EQAR,FO,375.3,17.8,71.78,NA,26.94,1.28,21.08
Seward_Peninsula,BNL13184,20170730,RUCH,FO,476.7,22.1,76.46,NA,36.45,1.69,21.57
Seward_Peninsula,BNL13190,20170730,SAPU15,DTSW,510.3,23.7,129.07,NA,65.86,3.06,21.53
Seward_Peninsula,BNL13077,20170730,EQAR,FO,367.1,17.3,123.17,NA,45.21,2.13,21.22
Seward_Peninsula,BNL13197,20170730,SAPU15,DTSW,511,31.6,87.7,NA,44.82,2.77,16.17
Seward_Peninsula,BNL13147,20170730,VAUL,DLS,527.6,15.2,215.04,NA,113.46,3.27,34.71
Seward_Peninsula,BNL13075,20170730,SAGL,DTSW,470,21.3,91.81,NA,43.15,1.96,22.07
Seward_Peninsula,BNL13050,20170730,BENA,DLS,507.8,22.1,175.2,NA,88.97,3.87,22.98
Seward_Peninsula,BNL13151,20170730,SAPU15,DTSW,510.2,23.1,201.08,NA,102.59,4.65,22.09
Seward_Peninsula,BNL13149,20170730,VAUL,DLS,515.8,17.5,331.9,NA,171.19,5.81,29.47
Seward_Peninsula,BNL13056,20170730,RUCH,FO,475.7,26.1,79.47,NA,37.8,2.07,18.23
Seward_Peninsula,BNL13182,20170730,EQAR,FO,375.5,17.6,81.28,NA,30.52,1.43,21.34
Seward_Peninsula,BNL13192,20170730,BENA,DLS,495.2,13.8,202.74,NA,100.4,2.8,35.88
Seward_Peninsula,BNL13145,20170730,BENA,DLS,538.5,22.9,201.22,NA,108.36,4.61,23.52
Seward_Peninsula,BNL13186,20170730,BENA,DLS,488.6,16.3,191.87,NA,93.75,3.13,29.98
Seward_Peninsula,BNL13152,20170730,SAPU15,DTSW,504.4,22.8,118.33,NA,59.68,2.7,22.12
Seward_Peninsula,BNL13467,20170801,SALAC2,DDS,465.3,23,90.7,NA,42.2,2.09,20.23
Seward_Peninsula,BNL13173,20170801,SALAC2,DDS,483.4,22.8,92.89,NA,44.9,2.12,21.2
Seward_Peninsula,BNL13111,20170801,SAPU15,DTSW,501.5,20.7,108.05,NA,54.19,2.24,24.23
Seward_Peninsula,BNL13104,20170801,SAPU15,DTSW,516.4,24,104.31,NA,53.86,2.5,21.52
Seward_Peninsula,BNL13109,20170801,SAPU15,DTSW,510.4,18.3,92.81,NA,47.37,1.7,27.89
Seward_Peninsula,BNL13110,20170801,SAPU15,DTSW,502.6,15.4,103.7,NA,52.12,1.6,32.64
Seward_Peninsula,BNL13470,20170801,SALAC2,DDS,458.6,19.1,88.02,NA,40.37,1.68,24.01
Seward_Peninsula,BNL13466,20170801,SALAC2,DDS,482.1,19.2,93.7,NA,45.17,1.8,25.11
Seward_Peninsula,BNL13155,20170801,SALAC2,DDS,462.4,22.8,92.99,NA,43,2.12,20.28
Seward_Peninsula,BNL13465,20170801,SALAC2,DDS,466.6,22.6,101.06,NA,47.16,2.28,20.65
Seward_Peninsula,BNL13105,20170801,SAPU15,DTSW,504.4,22,102.29,NA,51.6,2.25,22.93
Seward_Peninsula,BNL13116,20170801,SAPU15,DTSW,493.6,18.6,106.17,NA,52.41,1.97,26.54
Seward_Peninsula,BNL13124,20170801,SAPU15,DTSW,494,19.3,115.15,NA,56.88,2.22,25.6
Seward_Peninsula,BNL13125,20170801,SAPU15,DTSW,513.5,22.2,124.46,NA,63.91,2.76,23.13
Seward_Peninsula,BNL13091,20170801,SAPU15,DTSW,507.5,21.3,197.48,NA,100.22,4.21,23.83
Seward_Peninsula,BNL13032,20170801,SAPU15,DTSW,510.6,22.7,116.6,NA,59.54,2.65,22.49
Seward_Peninsula,BNL13099,20170801,SAGL,DTSW,498.7,20.6,97.53,NA,48.64,2.01,24.21
Seward_Peninsula,BNL13100,20170801,SAPU15,DTSW,504.8,21.9,113.7,NA,57.4,2.49,23.05
Seward_Peninsula,BNL13057,20170801,SAPU15,DTSW,511.3,19.2,117.22,NA,59.94,2.25,26.63
Seward_Peninsula,BNL13453,20170801,SAPU15,DTSW,518.6,19.4,100.88,NA,52.32,1.96,26.73
Seward_Peninsula,BNL13068,20170801,SAPU15,DTSW,518.5,21.5,116.36,NA,60.33,2.5,24.12
Seward_Peninsula,BNL13461,20170801,SAGL,DTSW,515.2,24.7,100.53,NA,51.79,2.48,20.86
Seward_Peninsula,BNL13463,20170801,SAPU15,DTSW,504.3,17.1,119.17,NA,60.1,2.04,29.49
Seward_Peninsula,BNL13459,20170801,SALAC2,DDS,450,22.7,82.75,NA,37.24,1.88,19.82
Seward_Peninsula,BNL13458,20170801,SALAC2,DDS,476.6,22.4,88.46,NA,42.16,1.98,21.28
Seward_Peninsula,BNL13138,20170801,SAPU15,DTSW,502.3,23.9,84.66,NA,42.52,2.02,21.02
Seward_Peninsula,BNL13476,20170801,SALAC2,DDS,462.7,28.3,91.39,NA,42.29,2.59,16.35
Seward_Peninsula,BNL13137,20170801,SALAC2,DDS,461,29.4,94.79,NA,43.7,2.79,15.68
Seward_Peninsula,BNL13473,20170801,SALAC2,DDS,459.8,26.2,87.11,NA,40.05,2.28,17.55
Seward_Peninsula,BNL13464,20170801,SAPU15,DTSW,506.1,21.8,94.51,NA,47.83,2.06,23.22
Seward_Peninsula,BNL13455,20170801,SALAC2,DDS,478.2,29.4,100.5,NA,48.06,2.95,16.27
Seward_Peninsula,BNL13058,20170801,SAPU15,DTSW,500.5,29.8,81.01,NA,40.54,2.41,16.8
Seward_Peninsula,BNL13029,20170801,SALAC2,DDS,467.7,21.6,84.4,NA,39.48,1.82,21.65
Seward_Peninsula,BNL13481,20170801,SALAC2,DDS,461.8,30.4,52.66,NA,24.32,1.6,15.19
Seward_Peninsula,BNL13480,20170801,SALAC2,DDS,462,21.4,76.9,NA,35.53,1.65,21.59
Seward_Peninsula,BNL13126Q3,20170801,SAPU15,DTSW,515.8,16.8,130.25,NA,67.18,2.19,30.7
Seward_Peninsula,BNL13166Q1,20170801,SAPU15,DTSW,452.6,20.5,NA,NA,NA,NA,22.08
Seward_Peninsula,BNL13166Q2,20170801,SAPU15,DTSW,472.6,18.8,74.34,NA,35.13,1.4,25.14
Seward_Peninsula,BNL13166Q3,20170801,SAPU15,DTSW,460.6,23.3,124.85,NA,57.51,2.91,19.77
Seward_Peninsula,BNL13166Q4,20170801,SAPU15,DTSW,468.4,22,102.56,NA,48.04,2.26,21.29
Seward_Peninsula,BNL13128Q1,20170801,SALAC2,DDS,450.2,21.6,85.43,NA,38.46,1.85,20.84
Seward_Peninsula,BNL13128Q2,20170801,SALAC2,DDS,464,20.5,63.75,NA,29.58,1.31,22.63
Seward_Peninsula,BNL13128Q3,20170801,SALAC2,DDS,459.9,19.9,78.52,NA,36.11,1.56,23.11
Seward_Peninsula,BNL13163Q1,20170801,SALAC2,DDS,445.7,21.3,92.97,NA,41.44,1.98,20.92
Seward_Peninsula,BNL13163Q2,20170801,SALAC2,DDS,465.3,23.6,107.48,NA,50.01,2.54,19.72
Seward_Peninsula,BNL13163Q3,20170801,SALAC2,DDS,457.4,26.9,102.96,NA,47.09,2.77,17
Seward_Peninsula,BNL13163Q4,20170801,SALAC2,DDS,455.3,21,NA,NA,NA,NA,21.68
Seward_Peninsula,BNL13157Q1,20170801,SALAC2,DDS,462.6,19.4,101.52,NA,46.96,1.97,23.85
Seward_Peninsula,BNL13157Q2,20170801,SALAC2,DDS,439.3,21.4,89.12,NA,39.15,1.91,20.53
Seward_Peninsula,BNL13157Q3,20170801,SALAC2,DDS,451.5,22.7,82.73,NA,37.35,1.88,19.89
Seward_Peninsula,BNL13157Q4,20170801,SALAC2,DDS,456.9,18.3,61.32,NA,28.02,1.12,24.97
Seward_Peninsula,BNL13127Q1,20170801,unknown,NA,495.9,17.5,87.52,NA,43.4,1.53,28.34
Seward_Peninsula,BNL13127Q4,20170801,unknown,NA,507.1,21.8,89.78,NA,45.53,1.96,23.26
Seward_Peninsula,BNL13158Q1,20170801,SAPU15,DTSW,525.3,26.6,80.83,NA,42.46,2.15,19.75
Seward_Peninsula,BNL13159Q2,20170801,SAPU15,DTSW,491.6,25.3,84.69,NA,41.63,2.14,19.43
Seward_Peninsula,BNL13159Q3,20170801,SAPU15,DTSW,457.8,21,76.75,NA,35.14,1.61,21.8
Seward_Peninsula,BNL13159Q4,20170801,SAPU15,DTSW,497,18.9,72.01,NA,35.79,1.36,26.3
Seward_Peninsula,BNL13161Q2,20170801,SAPU15,DTSW,493.2,28.4,61.82,NA,30.49,1.76,17.37
Seward_Peninsula,BNL13160Q2,20170801,SALAC2,DDS,440.7,19.5,83.26,NA,36.69,1.62,22.6
Seward_Peninsula,BNL13160Q3,20170801,SALAC2,DDS,444.9,19.7,72.78,NA,32.38,1.43,22.58
Seward_Peninsula,BNL13160Q4,20170801,SALAC2,DDS,457.5,20.6,82.13,NA,37.57,1.69,22.21
Seward_Peninsula,BNL13130Q1,20170801,SALAC2,DDS,464.8,25,82.05,NA,38.14,2.05,18.59
Seward_Peninsula,BNL13130Q4,20170801,SALAC2,DDS,457.2,23.2,102.16,NA,46.71,2.37,19.71
Seward_Peninsula,BNL13162Q1,20170801,SALAC2,DDS,453.8,21.4,79.27,NA,35.97,1.7,21.21
Seward_Peninsula,BNL13162Q2,20170801,SALAC2,DDS,453.3,22,98.18,NA,44.51,2.16,20.6
Seward_Peninsula,BNL13162Q3,20170801,SALAC2,DDS,472.6,25.6,88.31,NA,41.74,2.26,18.46
Seward_Peninsula,BNL13162Q4,20170801,SALAC2,DDS,468.7,21,106.12,NA,49.74,2.23,22.32
Seward_Peninsula,BNL13143Q2,20170801,unknown,NA,491.4,23.6,32.73,NA,16.08,0.77,20.82
Seward_Peninsula,BNL13143Q4,20170801,unknown,NA,510.1,27.7,86.05,NA,43.9,2.38,18.42
Seward_Peninsula,BNL13140Q1,20170801,SAGL,DTSW,501.7,25.2,93.77,NA,47.04,2.36,19.91
Seward_Peninsula,BNL13140Q2,20170801,SAGL,DTSW,483.9,20.8,99.68,NA,48.24,2.07,23.26
Seward_Peninsula,BNL13140Q3,20170801,SAGL,DTSW,478.1,20.1,91.85,NA,43.91,1.85,23.79
Seward_Peninsula,BNL13021Q1,20170801,SAPU15,DTSW,493.7,20.3,102.29,NA,50.5,2.08,24.32
Seward_Peninsula,BNL13021Q3,20170801,SAPU15,DTSW,499.3,20.9,96.07,NA,47.97,2.01,23.89
Seward_Peninsula,BNL13021Q4,20170801,SAPU15,DTSW,517.3,20.5,97.12,NA,50.24,1.99,25.23
Seward_Peninsula,BNL13170Q1,20170801,SALAC2,DDS,469.2,21.9,98.72,NA,46.32,2.16,21.42
Seward_Peninsula,BNL13170Q2,20170801,SALAC2,DDS,468.3,25.7,97.73,NA,45.77,2.51,18.22
Seward_Peninsula,BNL13170Q3,20170801,SALAC2,DDS,457.1,26.7,105.45,NA,48.2,2.82,17.12
Seward_Peninsula,BNL13170Q4,20170801,SALAC2,DDS,462.2,23.1,105.13,NA,48.59,2.43,20.01
Seward_Peninsula,BNL13022Q3,20170801,SAPU15,DTSW,493.6,17.9,63.05,NA,31.12,1.13,27.58
Seward_Peninsula,BNL13022Q4,20170801,SAPU15,DTSW,457.1,15.9,106.67,NA,48.76,1.7,28.75
Seward_Peninsula,BNL13025Q1,20170801,SALAC2,DDS,450.3,22.5,106.41,NA,47.92,2.39,20.01
Seward_Peninsula,BNL13025Q2,20170801,SALAC2,DDS,460.2,24,109.37,NA,50.33,2.62,19.18
Seward_Peninsula,BNL13025Q3,20170801,SALAC2,DDS,457.6,19.9,88.24,NA,40.38,1.76,22.99
Seward_Peninsula,BNL13025Q4,20170801,SALAC2,DDS,563.4,25.7,105.28,NA,59.31,2.71,21.92
Seward_Peninsula,BNL13144Q2,20170801,SALAC2,DDS,468.9,25.7,103.65,NA,48.6,2.66,18.25
Seward_Peninsula,BNL13144Q3,20170801,SALAC2,DDS,469.1,17.6,98.7,NA,46.3,1.74,26.65
Seward_Peninsula,BNL13144Q4,20170801,SALAC2,DDS,460.3,22.1,88.34,NA,40.66,1.95,20.83
Seward_Peninsula,BNL13024Q2,20170801,SALAC2,DDS,448.8,18.3,93.83,NA,42.11,1.72,24.52
Seward_Peninsula,BNL13024Q3,20170801,SALAC2,DDS,441.5,18.5,72.73,NA,32.11,1.35,23.86
Seward_Peninsula,BNL13167Q1,20170801,SALAC2,DDS,460.7,23.4,77.24,NA,35.59,1.81,19.69
Seward_Peninsula,BNL13167Q2,20170801,SAAL,DTSW,481.9,25.1,83.14,NA,40.07,2.09,19.2
Seward_Peninsula,BNL13167Q3,20170801,SAAL,DTSW,480.3,26.6,88.34,NA,42.43,2.35,18.06
Seward_Peninsula,BNL13167Q4,20170801,SAAL,DTSW,482.9,27,74.89,NA,36.16,2.02,17.89
Seward_Peninsula,BNL13133Q1,20170801,SALAC2,DDS,480,30.4,51.23,NA,24.59,1.56,15.79
Seward_Peninsula,BNL13133Q2,20170801,SALAC2,DDS,470.9,28.5,60.68,NA,28.57,1.73,16.52
Seward_Peninsula,BNL13133Q3,20170801,SALAC2,DDS,457.9,27.5,47.8,NA,21.89,1.31,16.65
Seward_Peninsula,BNL13133Q4,20170801,SALAC2,DDS,504.7,28.9,71.25,NA,35.96,2.06,17.46
Seward_Peninsula,BNL13139Q1,20170801,SAPU15,DTSW,498,21.4,95.92,NA,47.77,2.05,23.27
Seward_Peninsula,BNL13139Q2,20170801,SAPU15,DTSW,507,21,101.96,NA,51.69,2.14,24.14
Seward_Peninsula,BNL13139Q3,20170801,SAPU15,DTSW,514.6,22.7,103.17,NA,53.09,2.34,22.67
Seward_Peninsula,BNL13139Q4,20170801,SAPU15,DTSW,488.1,20.3,94.51,NA,46.13,1.92,24.04
Seward_Peninsula,BNL13134Q4,20170801,SAPU15,DTSW,484.7,25.6,NA,NA,NA,NA,18.93
Seward_Peninsula,BNL13320,20180725,ALVI5,DTSA,502.7,23.3,89.8,54.85,45.14,2.09,21.58
Seward_Peninsula,BNL13316,20180725,ALVI5,DTSA,502.7,27.6,107.5,56.49,54.04,2.97,18.21
Seward_Peninsula,BNL13317,20180725,ALVI5,DTSA,501.4,26.3,83.55,57.3,41.89,2.2,19.06
Seward_Peninsula,BNL13314,20180725,ALVI5,DTSA,503.4,25.8,95.42,55.74,48.04,2.46,19.51
Seward_Peninsula,BNL13028,20180725,ALVI5,DTSA,504.4,29.4,85.89,57.04,43.32,2.53,17.16
Seward_Peninsula,BNL13313,20180725,ALVI5,DTSA,490.5,22.6,92.26,53.88,45.25,2.09,21.7
Seward_Peninsula,BNL13318,20180725,ALVI5,DTSA,499.3,28.1,94.57,59.91,47.22,2.66,17.77
Seward_Peninsula,BNL13319,20180725,ALVI5,DTSA,507.4,30.1,98.38,58.69,49.92,2.96,16.86
Seward_Peninsula,BNL13315,20180725,ALVI5,DTSA,500.6,31.3,85.4,58.94,42.75,2.67,15.99
Seward_Peninsula,BNL13332,20180725,BENA,DLS,508.2,22.4,100.47,50.29,51.06,2.25,22.69
Seward_Peninsula,BNL13322,20180725,BENA,DLS,524.1,21.2,104.56,57.41,54.8,2.22,24.72
Seward_Peninsula,BNL13333,20180725,BENA,DLS,512.4,23.2,93.76,52.42,48.04,2.18,22.09
Seward_Peninsula,BNL13323,20180725,BEGL,DLS,515.1,34.5,83.22,61.8,42.87,2.87,14.93
Seward_Peninsula,BNL13324,20180725,BEGL,DLS,514.7,23,93.25,57.43,48,2.14,22.38
Seward_Peninsula,BNL13321,20180725,BEGL,DLS,513,25.5,89.26,54.03,45.79,2.28,20.12
Seward_Peninsula,BNL13330,20180725,ARALA7,DDS,506.6,17.3,120.65,56.02,61.12,2.09,29.28
Seward_Peninsula,BNL13329,20180725,ARALA7,DDS,502.7,18.3,121.63,57.78,61.14,2.23,27.47
Seward_Peninsula,BNL13331,20180725,ARALA7,DDS,506.4,17.2,130.16,54.6,65.91,2.24,29.44
Seward_Peninsula,BNL13327,20180725,SAPU15,DTSW,501.2,20,112.76,55.21,56.52,2.26,25.06
Seward_Peninsula,BNL13326,20180725,SAPU15,DTSW,502.9,22.8,123.88,53.52,62.3,2.82,22.06
Seward_Peninsula,BNL13328,20180725,SAPU15,DTSW,496.8,25.5,88.79,59.19,44.11,2.26,19.48
Seward_Peninsula,BNL13325,20180725,SAPU15,DTSW,502.8,26.7,90.56,63,45.53,2.42,18.83
Seward_Peninsula,BNL12954,20190704,ALVI5,DTSA,491.3,26.9,64.774,52.96,31.823,1.742,18.26394052
Seward_Peninsula,BNL12949,20190704,ALVI5,DTSA,487.9,28.5,73.189,57.16,35.709,2.086,17.11929825
Seward_Peninsula,BNL12953,20190704,ALVI5,DTSA,490.2,28.4,75.076,48.53,36.802,2.132,17.26056338
Seward_Peninsula,BNL12952,20190704,ALVI5,DTSA,489.9,29,85.005,51.22,41.644,2.465,16.89310345
Seward_Peninsula,BNL12955,20190704,ALVI5,DTSA,486.8,32.7,66.61,58.41,32.426,2.178,14.88685015
Seward_Peninsula,BNL12980,20190704,ALVI5,DTSA,490,26,92.621,53.44,45.385,2.408,18.84615385
Seward_Peninsula,BNL12973,20190704,ALVI5,DTSA,495.3,25.5,82.115,51.8,40.671,2.094,19.42352941
Seward_Peninsula,BNL12974,20190704,ALVI5,DTSA,508.9,21.2,95.456,47.42,48.578,2.024,24.00471698
Seward_Peninsula,BNL12976,20190704,ALVI5,DTSA,495.4,29.4,79.31,55.89,39.29,2.332,16.85034014
Seward_Peninsula,BNL12979,20190704,ALVI5,DTSA,508.8,26.3,87.419,50.46,44.479,2.299,19.3460076
Seward_Peninsula,BNL12977,20190704,ALVI5,DTSA,491.6,20.9,100.747,47.84,49.527,2.106,23.5215311
Seward_Peninsula,BNL12978,20190704,ALVI5,DTSA,488.4,24.4,72.552,52.58,35.434,1.77,20.01639344
Seward_Peninsula,BNL12975,20190704,ALVI5,DTSA,467.1,23.1,87.47,54.87,40.857,2.021,20.22077922
Seward_Peninsula,BNL12982,20190705,ALVI5,DTSA,499.1,23.6,79.419,51.77,39.638,1.874,21.14830508
Seward_Peninsula,BNL12984,20190705,ALVI5,DTSA,497.6,27.1,74.537,51.52,37.09,2.02,18.36162362
Seward_Peninsula,BNL12985,20190705,ALVI5,DTSA,503.1,26.6,93.948,47.37,47.265,2.499,18.91353383
Seward_Peninsula,BNL12988,20190705,ALVI5,DTSA,505.4,28,72.118,44.33,36.449,2.019,18.05
Seward_Peninsula,BNL12956,20190705,ALVI5,DTSA,494.2,24.3,71.098,50.57,35.137,1.728,20.33744856
Seward_Peninsula,BNL12957,20190705,ALVI5,DTSA,499.1,29.7,67.018,52.73,33.449,1.99,16.8047138
Seward_Peninsula,BNL12958,20190705,ALVI5,DTSA,496.2,26.2,53.383,55.46,26.489,1.399,18.9389313
Seward_Peninsula,BNL12959,20190705,ALVI5,DTSA,491.8,30.2,66.389,54.59,32.65,2.005,16.28476821
Seward_Peninsula,BNL12961,20190705,ALVI5,DTSA,497.9,23.6,92.315,43.44,45.964,2.179,21.09745763
Seward_Peninsula,BNL12960,20190705,ALVI5,DTSA,510.5,28.1,76.76,49.83,39.186,2.157,18.16725979
Seward_Peninsula,BNL12963,20190705,ALVI5,DTSA,506.4,29.6,91.55,49.2,46.361,2.71,17.10810811
Seward_Peninsula,BNL12962,20190705,ALVI5,DTSA,495.9,27.5,87.47,52.36,43.376,2.405,18.03272727
Seward_Peninsula,BNL13052,20190706,ALVI5,DTSA,491.1,24.2,94.611,47,46.463,2.29,20.29338843
Seward_Peninsula,BNL13053,20190706,ALVI5,DTSA,487.5,20.4,93.438,47.66,45.551,1.906,23.89705882
Seward_Peninsula,BNL13051,20190706,ALVI5,DTSA,494.7,24.9,95.07,41.75,47.031,2.367,19.86746988
Seward_Peninsula,BNL13402,20190706,ALVI5,DTSA,491.7,28.1,100.045,39.44,49.192,2.811,17.49822064
Seward_Peninsula,BNL13403,20190706,ALVI5,DTSA,505.7,29.8,82.788,44.56,41.866,2.467,16.96979866
Seward_Peninsula,BNL13404,20190706,ALVI5,DTSA,500.7,25.1,101.96,46,51.051,2.559,19.94820717
Seward_Peninsula,BNL13401,20190706,ALVI5,DTSA,507.4,21.7,102.141,43.47,51.826,2.216,23.38248848
Seward_Peninsula,BNL13038,20190708,SAPU15,DTSW,495.2,20.6,95.336,37.86,47.21,1.964,24.03883495
Seward_Peninsula,BNL14202,20190708,SAPU15,DTSW,373.5,14.2,100.163,45.12,37.411,1.422,26.3028169
Seward_Peninsula,BNL14203,20190708,SAPU15,DTSW,469.2,20.1,98.893,48.12,46.401,1.988,23.34328358
Seward_Peninsula,BNL14204,20190708,SAPU15,DTSW,501.3,22.6,95.719,41.99,47.984,2.163,22.18141593
Seward_Peninsula,BNL14205,20190708,SARI4,DTSW,465.8,25.6,92.861,45.87,43.254,2.377,18.1953125
Seward_Peninsula,BNL14206,20190708,SAPU15,DTSW,510.8,23,104.609,35.14,53.435,2.406,22.20869565
Seward_Peninsula,BNL14207,20190708,SAPU15,DTSW,509.1,22.6,94.306,38.62,48.011,2.131,22.52654867
Seward_Peninsula,BNL14208,20190708,SAPU15,DTSW,469,22.4,101.716,41.14,47.705,2.278,20.9375
Seward_Peninsula,BNL14209,20190708,SAPU15,DTSW,502,19.6,99.601,41.34,50,1.952,25.6122449
Seward_Peninsula,BNL14210,20190708,SARI4,DTSW,456.7,33,104.408,33.91,47.683,3.445,13.83939394
Seward_Peninsula,BNL15358,20190708,SARI4,DTSW,467.7,26.5,108.48,39.29,50.736,2.875,17.6490566
Seward_Peninsula,BNL15359,20190708,SAPU15,DTSW,470.2,25.2,93.945,47.47,44.173,2.367,18.65873016
Seward_Peninsula,BNL14206analog,20190708,SAPU15,DTSW,490.3,21,106.475,41.67,52.205,2.236,23.34761905
Seward_Peninsula,BNL15352,20190707,SAPU15,DTSW,503,15.6,106.512,15.49,53.575,1.662,32.24358974
Seward_Peninsula,BNL15353,20190707,SAPU15,DTSW,501.9,15.2,113.98,36.37,57.207,1.733,33.01973684
Seward_Peninsula,BNL15354,20190707,SAPU15,DTSW,496.4,18.8,112.35,28.49,55.771,2.112,26.40425532
Seward_Peninsula,BNL15355,20190707,SAPU15,DTSW,502.3,21.5,126.331,29.09,63.456,2.716,23.3627907
Seward_Peninsula,BNL15351,20190706,ALVI5,DTSA,496.9,24.8,97.416,46.05,48.406,2.416,20.03629032
Seward_Peninsula,BNL15356,20190706,ALVI5,DTSA,505,26.6,82.285,50.36,41.554,2.189,18.98496241
Seward_Peninsula,BNL15357,20190706,ALVI5,DTSA,494.6,23.4,86.365,51.62,42.716,2.021,21.13675214
Seward_Peninsula,BNL13026,20190703,SAPU15,DTSW,503.8,20.8,96.231,44.53,48.481,2.002,24.22115385
Seward_Peninsula,BNL13027,20190703,ALVI5,DTSA,506.5,20.1,106.135,49.91,53.757,2.133,25.19900498
Seward_Peninsula,BNL13030,20190703,RUCH,FO,477.4,23.1,89.016,62.17,42.496,2.056,20.66666667
Seward_Peninsula,BNL13031,20190703,SAPU15,DTSW,513.7,18,125.261,53,64.346,2.255,28.53888889
Seward_Peninsula,BNL13033,20190703,ALVI5,DTSA,495.6,27.3,97.171,54.04,48.158,2.653,18.15384615
Seward_Peninsula,BNL13156,20190703,RUCH,FO,482.7,26.5,80.448,63.46,38.832,2.132,18.21509434
Seward_Peninsula,BNL13174,20190703,ALVI5,DTSA,507.2,30.4,94.257,54.43,47.807,2.865,16.68421053
Seward_Peninsula,BNL13175,20190703,BENA,DLS,494.9,19.7,79.97,54.45,39.577,1.575,25.12182741
Seward_Peninsula,BNL13176,20190703,VAUL,DLS,509.2,15.7,106.548,53.77,54.254,1.673,32.43312102
Seward_Peninsula,BNL13177,20190703,RUCH,FO,472,26.8,88.118,61.18,41.592,2.362,17.6119403
Seward_Peninsula,BNL13178,20190703,SAPU15,DTSW,507.9,17.8,115.121,48.66,58.47,2.049,28.53370787
Seward_Peninsula,BNL13179,20190703,BENA,DLS,496,18.1,92.474,51.51,45.867,1.674,27.40331492
Seward_Peninsula,BNL13180,20190703,VAUL,DLS,518,13.8,91.79,55.92,47.547,1.267,37.53623188
Seward_Peninsula,BNL13334,20190703,BENA,DLS,501.7,19.6,82.426,57.39,41.353,1.616,25.59693878
Seward_Peninsula,BNL13335,20190703,BEGL,DLS,504.1,22.1,82.11,51.85,41.392,1.815,22.80995475
Seward_Peninsula,BNL13336,20190703,VAUL,DLS,509.4,15.7,88.044,57.09,44.85,1.382,32.44585987
Seward_Peninsula,BNL13337,20190703,BENA,DLS,501.8,21,108.734,53.62,54.563,2.283,23.8952381
Seward_Peninsula,BNL13338,20190703,SAPU15,DTSW,469.5,20,82.537,61.82,38.751,1.651,23.475
Seward_Peninsula,BNL13339,20190703,ALVI5,DTSA,500.7,24.7,100.328,56.41,50.234,2.478,20.27125506
Seward_Peninsula,BNL13340,20190703,SARI4,DTSW,482.5,28.3,101.293,57.38,48.874,2.867,17.04946996
Seward_Peninsula,BNL13341,20190703,RUCH,FO,470.3,28,88.88,59.54,41.8,2.489,16.79642857
Seward_Peninsula,BNL13342,20190703,VAUL,DLS,515.2,16.3,78.354,56.1,40.368,1.277,31.60736196
Seward_Peninsula,BNL13344,20190703,ALVI5,DTSA,505,25.8,94.388,55.43,47.666,2.435,19.57364341
Seward_Peninsula,BNL13345,20190703,BEGL,DLS,495.7,31.9,80.364,65.4,39.836,2.564,15.53918495
Seward_Peninsula,BNL13346,20190703,ALVI5,DTSA,486.7,26.4,91.293,60.51,44.433,2.41,18.43560606
Seward_Peninsula,BNL13347,20190703,VAUL,DLS,508.4,17.7,91.034,53.57,46.282,1.611,28.72316384
Seward_Peninsula,BNL13348,20190703,ALVI5,DTSA,487.6,24.1,87.635,55.69,42.731,2.112,20.23236515
Seward_Peninsula,BNL13349,20190703,ALVI5,DTSA,494.2,25.3,85.1,54.67,42.056,2.153,19.53359684
Seward_Peninsula,BNL13350,20190703,ALVI5,DTSA,500.2,28.4,93.582,54.46,46.81,2.658,17.61267606
Seward_Peninsula,BNL13351,20190703,BENA,DLS,493.8,28.4,85.332,60.92,42.137,2.423,17.38732394
Seward_Peninsula,BNL13352,20190703,VAUL,DLS,526.3,16.1,94.92,48.47,49.956,1.528,32.68944099
Seward_Peninsula,BNL13353,20190703,SAPU15,DTSW,514.3,27.4,94.752,56.57,48.731,2.596,18.77007299
Seward_Peninsula,BNL13354,20190703,BENA,DLS,480,31.8,81.084,58.01,38.92,2.578,15.09433962
Seward_Peninsula,BNL13355,20190703,ALVI5,DTSA,494.4,25.1,85.202,55.43,42.124,2.139,19.69721116
Seward_Peninsula,BNL13483,20190703,ALVI5,DTSA,491.2,23.3,91.414,54.7,44.902,2.13,21.08154506
Seward_Peninsula,BNL13484,20190703,BEGL,DLS,502.2,25.1,71.993,54.79,36.155,1.807,20.00796813
Seward_Peninsula,BNL13485,20190703,BENA,DLS,488.1,21.1,100.615,50.29,49.11,2.123,23.13270142
Seward_Peninsula,BNL13486,20190703,ARALA7,DDS,497.1,16.1,146.745,52.21,72.947,2.363,30.8757764
Seward_Peninsula,BNL13487,20190703,POBIP,FO,479.9,26.6,83.803,74.85,40.217,2.229,18.04135338
Seward_Peninsula,BNL13488,20190703,BEGL,DLS,496.3,25.4,76.881,57.39,38.156,1.953,19.53937008
Seward_Peninsula,BNL13489,20190703,ALVI5,DTSA,488.4,29.2,88.526,56.82,43.236,2.585,16.7260274
Seward_Peninsula,BNL13490,20190703,SAPU15,DTSW,497.4,20.6,82.922,63.28,41.245,1.708,24.14563107
Seward_Peninsula,BNL13491,20190703,ARALA7,DDS,500.8,15.8,153.135,51.44,76.69,2.42,31.69620253
Seward_Peninsula,BNL13492,20190703,ARALA7,DDS,512.1,16.7,128.684,57.08,65.899,2.149,30.66467066
Seward_Peninsula,BNL13493,20190703,ARALA7,DDS,508.2,16.6,138.733,55.28,70.504,2.303,30.61445783
Seward_Peninsula,BNL13494,20190703,BEPU4,DLS,490.6,19.3,75.238,62.99,36.912,1.452,25.41968912
Seward_Peninsula,BNL12986,20190704,BENA,DLS,493.6,23.2,99.874,54.39,49.298,2.317,21.27586207
Seward_Peninsula,BNL12987,20190704,BEGL,DLS,516.2,24.4,68.441,58.25,35.329,1.67,21.1557377
Seward_Peninsula,BNL12983,20190704,BEGL,DLS,502.9,23.6,80.581,57.43,40.524,1.902,21.30932203
Seward_Peninsula,BNL12981,20190704,EMNI,ES,533.1,12.6,166.834,55.13,88.939,2.102,42.30952381
Seward_Peninsula,BNL12964,20190705,BENA,DLS,500.2,27.4,64.773,61.56,32.4,1.775,18.25547445
Seward_Peninsula,BNL12965,20190705,ARALA7,DDS,489.3,15.9,103.25,57.36,50.52,1.642,30.77358491
Seward_Peninsula,BNL12966,20190705,EMNI,ES,526,8.8,173.639,48.58,91.334,1.528,59.77272727
Seward_Peninsula,BNL12967,20190705,DROCA2,ES,493.2,19.5,106.708,53.08,52.628,2.081,25.29230769
Seward_Peninsula,BNL12968,20190705,ARALA7,DDS,493.3,15.2,128.217,57.68,63.25,1.949,32.45394737
Seward_Peninsula,BNL12969,20190705,BEGL,DLS,506.7,21.9,71.303,55.25,36.129,1.562,23.1369863
Seward_Peninsula,BNL13500,20190705,SAPH,DDS,508,22.5,114.4,50.04,58.115,2.574,22.57777778
Seward_Peninsula,BNL13071,20190705,SAPU15,DTSW,499.9,21,101.355,57.64,50.668,2.128,23.8047619
Seward_Peninsula,BNL13072,20190705,DROCA2,ES,501,18,142.671,51.13,71.478,2.568,27.83333333
Seward_Peninsula,BNL13101,20190705,ARALA7,DDS,494.6,16.9,113.333,58.59,56.054,1.915,29.26627219
Seward_Peninsula,BNL13055,20190705,EMNI,ES,525.1,11.7,185.754,33.13,97.54,2.173,44.88034188
Seward_Peninsula,BNL13429,20190706,ERVA4,DG,480.6,20.6,64.517,10.51,31.007,1.329,23.33009709
Seward_Peninsula,BNL13428,20190706,VAUL,DLS,509.6,16.8,93.664,19.02,47.731,1.574,30.33333333
Seward_Peninsula,BNL13427,20190706,ERVA4,DG,480,20.1,69.049,21.06,33.143,1.388,23.88059701
Seward_Peninsula,BNL13426,20190706,SAPU15,DTSW,505.7,22.9,83.662,45.57,42.308,1.916,22.08296943
Seward_Peninsula,BNL13425,20190706,ALVI5,DTSA,501.8,24.9,84.407,49.63,42.355,2.102,20.15261044
Seward_Peninsula,BNL13424,20190706,LEDUM,ES,560.3,15.4,161.86,46.24,90.69,2.493,36.38311688
Seward_Peninsula,BNL13423,20190706,VAUL,DLS,516.5,15.2,115.089,19.62,59.443,1.749,33.98026316
Seward_Peninsula,BNL13422,20190706,BEGL,DLS,507.3,23.9,80.144,50.52,40.657,1.915,21.22594142
Seward_Peninsula,BNL13421,20190706,BENA,DLS,507.6,19.9,88.284,42.86,44.813,1.757,25.50753769
Seward_Peninsula,BNL13420,20190706,ERVA4,DG,493.1,22.6,53.918,19.31,26.587,1.219,21.81858407
Seward_Peninsula,BNL13419,20190706,ALVI5,DTSA,498.1,23.4,98.416,51.53,49.021,2.303,21.28632479
Seward_Peninsula,BNL13418,20190706,VAUL,DLS,506.8,17.6,106.094,21.46,53.769,1.867,28.79545455
Seward_Peninsula,BNL13417,20190706,BENA,DLS,508.8,22.9,89.916,51.76,45.749,2.059,22.21834061
Seward_Peninsula,BNL13416,20190706,RUCH,FO,478.8,23.1,95.262,46.68,45.611,2.201,20.72727273
Seward_Peninsula,BNL13415,20190706,ALVI5,DTSA,495.5,23,96.978,48.43,48.053,2.23,21.54347826
Seward_Peninsula,BNL13414,20190706,SAPU15,DTSW,476.5,21,89.394,44.13,42.596,1.877,22.69047619
Seward_Peninsula,BNL13410,20190706,LEDUM,ES,547.5,14.1,174.446,47.63,95.509,2.46,38.82978723
Seward_Peninsula,BNL13411,20190706,ERVA4,DG,483.1,21,67.438,11.16,32.579,1.416,23.0047619
Seward_Peninsula,BNL13412,20190706,SAPU15,DTSW,470.4,19.6,96.141,42.71,45.225,1.884,24
Seward_Peninsula,BNL13413,20190706,RUCH,FO,472.4,31.5,66.947,56.86,31.626,2.109,14.9968254
Seward_Peninsula,BNL13409,20190706,SAGL,DTSW,471.4,23.7,86.095,51.5,40.585,2.04,19.89029536
Seward_Peninsula,BNL13408,20190706,ALVI5,DTSA,495,26.3,95.944,54.05,47.492,2.523,18.82129278
Seward_Peninsula,BNL13048,20190706,RUCH,FO,471.5,23.7,76.86,56.99,36.239,1.822,19.89451477
Seward_Peninsula,BNL13407,20190706,ERVA4,DG,476.1,18.4,73.59,34.96,35.036,1.354,25.875
Seward_Peninsula,BNL13406,20190706,ALVI5,DTSA,500.3,24.1,97.071,52.58,48.564,2.339,20.7593361
Seward_Peninsula,BNL13405,20190706,PEFR5,FO,451.3,22.5,68.732,68.02,31.019,1.546,20.05777778
Seward_Peninsula,BNL12990,20190707,SAPH,DDS,499.4,22.2,108.971,43.21,54.42,2.419,22.4954955
Seward_Peninsula,BNL12991,20190707,DROCA2,ES,497.3,23.7,74.767,52.22,37.182,1.772,20.98312236
Seward_Peninsula,BNL12992,20190707,ARALA7,DDS,485,13.2,98.149,51.38,47.602,1.296,36.74242424
Seward_Peninsula,BNL12993,20190707,ERVA4,DG,459.6,11,51.93,36.76,23.867,0.571,41.78181818
Seward_Peninsula,BNL12994,20190707,KAPR,ES,567.4,6.6,275.094,42.83,156.089,1.816,85.96969697
Seward_Peninsula,BNL12995,20190707,VAVI,ES,515.6,9.9,192.945,47.41,99.483,1.91,52.08080808
Seward_Peninsula,BNL12996,20190707,LEDUM,ES,542.6,11,214.006,44.31,116.119,2.354,49.32727273
Seward_Peninsula,BNL12997,20190707,KAPR,ES,546.7,6.7,283.099,36.67,154.77,1.897,81.59701493
Seward_Peninsula,BNL12998,20190707,SAPH,DDS,503.2,21.7,78.162,33.75,39.331,1.696,23.18894009
Seward_Peninsula,BNL12999,20190707,VAVI,ES,508.2,7.9,188.365,47.7,95.727,1.488,64.32911392
Seward_Peninsula,BNL13000,20190707,BEPU4,DLS,497.5,27.7,68.257,61.09,33.958,1.891,17.96028881
Seward_Peninsula,BNL13034,20190707,VAVI,ES,514.8,9,186.681,47.42,96.104,1.68,57.2
Seward_Peninsula,BNL13035,20190707,BEGL,DLS,497,24.4,74.223,51.49,36.889,1.811,20.36885246
Seward_Peninsula,BNL13036,20190707,BENA,DLS,494.8,20.8,84.574,48.26,41.847,1.759,23.78846154
Seward_Peninsula,BNL13037,20190707,KAPR,ES,532.1,9.3,266.939,40.38,142.038,2.483,57.21505376
Seward_Peninsula,BNL13447,20190708,DOFR,FO,423.8,26.7,49.049,81.78,20.787,1.31,15.87265918
Seward_Peninsula,BNL13448,20190708,ARALA7,DDS,461.3,22.3,79.989,60.14,36.899,1.784,20.68609865
Seward_Peninsula,BNL13449,20190708,SARI4,DTSW,461.9,28.5,69.693,61.24,32.191,1.986,16.20701754
Seward_Peninsula,BNL13450,20190708,ARALA7,DDS,459.4,23.4,89.023,62.26,40.897,2.083,19.63247863
Seward_Peninsula,BNL13451,20190708,VAUL,DLS,514.7,22,96.056,45.85,49.44,2.113,23.39545455
Seward_Peninsula,BNL13452,20190708,SAPU15,DTSW,502.6,25.2,71.247,55.21,35.809,1.795,19.94444444
Seward_Peninsula,BNL13054,20190708,VAUL,DLS,497.4,18.8,82.464,52.5,41.018,1.55,26.45744681
Seward_Peninsula,BNL13495,20190708,PEFR5,FO,442.3,36,57.768,80.32,25.551,2.08,12.28611111
Seward_Peninsula,BNL13496,20190708,PEFR5,FO,414.3,25.7,59.569,82.62,24.679,1.531,16.12062257
Seward_Peninsula,BNL13497,20190708,SARI4,DTSW,456.8,26.1,77.092,60.93,35.216,2.012,17.50191571
Seward_Peninsula,BNL13498,20190708,HIERA,FO,459.5,32.5,41.657,69.62,19.141,1.354,14.13846154
Seward_Peninsula,BNL13499,20190708,DROCA2,ES,503.5,30,56.801,62.54,28.599,1.704,16.78333333
Seward_Peninsula,BNL13039,20190708,SAPU15,DTSW,501.7,22.9,85.345,48.24,42.818,1.954,21.90829694
Seward_Peninsula,BNL13040,20190708,DAFRF,NA,463.7,26.7,56.68,29.81,26.282,1.513,17.3670412
Seward_Peninsula,BNL13041,20190708,DAFRF,NA,474.5,20.3,59.852,35.66,28.4,1.215,23.37438424
Seward_Peninsula,BNL13042,20190708,ERAN6,WG,454.9,26.1,48.718,74.14,22.162,1.272,17.42911877
Seward_Peninsula,BNL13043,20190708,ERAN6,WG,465.8,25.9,65.435,65.11,30.48,1.695,17.98455598
Seward_Peninsula,BNL13044,20190708,EQAR,FO,396.9,31.3,55.773,76.55,22.136,1.746,12.68051118
Seward_Peninsula,BNL13045,20190708,EQAR,FO,396.9,24.7,81.04,66.09,32.165,2.002,16.06882591
Seward_Peninsula,BNL13430,20190711,EQAR,FO,391.6,17.4,77.653,70.41,30.409,1.351,22.50574713
Seward_Peninsula,BNL13431,20190711,VAUL,DLS,514.1,21,102.562,52.54,52.727,2.154,24.48095238
Seward_Peninsula,BNL13432,20190711,BENA,DLS,499.1,21.1,74.119,55.5,36.993,1.564,23.65402844
Seward_Peninsula,BNL13433,20190711,RUCH,FO,475.3,26.4,85.954,62.31,40.854,2.269,18.00378788
Seward_Peninsula,BNL13434,20190711,ERAN6,WG,456.7,25.6,51.368,77.65,23.46,1.315,17.83984375
Seward_Peninsula,BNL13435,20190711,ERAN6,WG,464.4,24.8,50.369,74.33,23.391,1.249,18.72580645
Seward_Peninsula,BNL13436,20190711,ERAN6,WG,474.9,29.5,56.183,73.05,26.681,1.657,16.09830508
Seward_Peninsula,BNL12970,20190713,RUCH,FO,478.6,20.7,106.952,61.03,51.187,2.214,23.12077295
Seward_Peninsula,BNL12989,20190713,RUCH,FO,482.6,17.7,86.725,62.59,41.854,1.535,27.26553672